<?xml version="1.0" encoding="UTF-8"?>
<project-private xmlns="http://www.netbeans.org/ns/project-private/1">
    <editor-bookmarks xmlns="http://www.netbeans.org/ns/editor-bookmarks/2" lastBookmarkId="0"/>
    <open-files xmlns="http://www.netbeans.org/ns/projectui-open-files/2">
        <group>
            <file>file:/D:/Documents/NetBeansProjects/colegioF/src/controlador/ControladorSubject.java</file>
            <file>file:/D:/Documents/NetBeansProjects/colegioF/src/controlador/ControladorGender.java</file>
            <file>file:/D:/Documents/NetBeansProjects/colegioF/src/vista/AsignarCurso.java</file>
            <file>file:/D:/Documents/NetBeansProjects/colegioF/src/controlador/ControladorSubjectByCourse.java</file>
            <file>file:/D:/Documents/NetBeansProjects/colegioF/src/controlador/ControladorStudent.java</file>
            <file>file:/D:/Documents/NetBeansProjects/colegioF/src/vista/AsignarNota.java</file>
            <file>file:/D:/Documents/NetBeansProjects/colegioF/src/controlador/ControladorEnrrolment.java</file>
        </group>
    </open-files>
</project-private>
